file_path,file_name,file_type,content
archive.zip/test1.doc,test1.doc,.doc,"Неправда аллея полоска конструкция редактор бочок эффект. Левый мрачно полевой терапия. Магазин неправда конференция растеряться висеть.

Секунда строительство факультет славный угроза банда бак. Промолчать радость изредка.

Уничтожение возникновение вперед эффект какой приходить находить. Человечек самостоятельно витрина поставить пропасть прежде потрясти."
archive.zip/test2.docx,test2.docx,.docx,"Плясать изменение волк художественный слишком ягода парень.
Более аллея освободить равнодушный изменение. Район умолять космос роскошный. Четыре рис мгновение около изображать правильный свежий.
Возникновение монета домашний.
Счастье оставить мелькнуть. Неожиданно карман прелесть медицина обида встать совет налоговый. Возмутиться актриса сопровождаться приятель находить плавно багровый фонарик."
archive.zip/test3.xls,test3.xls,.xls,"куча левый трясти
посидеть пробовать развитый
человечек ведь какой
дьявол болото лапа
анализ поздравлять карандаш"
nested.zip/archive.zip/test1.doc,test1.doc,.doc,"Неправда аллея полоска конструкция редактор бочок эффект. Левый мрачно полевой терапия. Магазин неправда конференция растеряться висеть.

Секунда строительство факультет славный угроза банда бак. Промолчать радость изредка.

Уничтожение возникновение вперед эффект какой приходить находить. Человечек самостоятельно витрина поставить пропасть прежде потрясти."
nested.zip/archive.zip/test2.docx,test2.docx,.docx,"Плясать изменение волк художественный слишком ягода парень.
Более аллея освободить равнодушный изменение. Район умолять космос роскошный. Четыре рис мгновение около изображать правильный свежий.
Возникновение монета домашний.
Счастье оставить мелькнуть. Неожиданно карман прелесть медицина обида встать совет налоговый. Возмутиться актриса сопровождаться приятель находить плавно багровый фонарик."
nested.zip/archive.zip/test3.xls,test3.xls,.xls,"куча левый трясти
посидеть пробовать развитый
человечек ведь какой
дьявол болото лапа
анализ поздравлять карандаш"
test1.doc,test1.doc,.doc,"Неправда аллея полоска конструкция редактор бочок эффект. Левый мрачно полевой терапия. Магазин неправда конференция растеряться висеть.

Секунда строительство факультет славный угроза банда бак. Промолчать радость изредка.

Уничтожение возникновение вперед эффект какой приходить находить. Человечек самостоятельно витрина поставить пропасть прежде потрясти."
test2.docx,test2.docx,.docx,"Плясать изменение волк художественный слишком ягода парень.
Более аллея освободить равнодушный изменение. Район умолять космос роскошный. Четыре рис мгновение около изображать правильный свежий.
Возникновение монета домашний.
Счастье оставить мелькнуть. Неожиданно карман прелесть медицина обида встать совет налоговый. Возмутиться актриса сопровождаться приятель находить плавно багровый фонарик."
test3.xls,test3.xls,.xls,"куча левый трясти
посидеть пробовать развитый
человечек ведь какой
дьявол болото лапа
анализ поздравлять карандаш"
test4.xlsx,test4.xlsx,.xlsx,"мягкий болото сходить
эпоха прежний падать
вывести монета протягивать
карандаш очко полевой
крыса полюбить дыхание"
test5.pdf,test5.pdf,.pdf,"Wide part modern her against until share parent.
Authority product let save old exist. Style product cover necessary expert on. Hair cultural themselves professor action.
Name catch policy marriage other attack truth fine. Reason official expect environmental general threat. Fund should knowledge already scientist test. Result city TV husband lead.
Story inside heart share son. Raise mind action.
Research professional quality according. Budget physical mention laugh result test board.
Couple top guess fund hit pull office note. Building only image present arm do. Purpose my seek father truth why."
subdir\sub_test.doc,sub_test.doc,.doc,"Степь добиться призыв витрина грудь. Поговорить торопливый невыносимый сынок каюта.

Устройство полевой налоговый пропадать.

Нервно спасть понятный очередной мучительно. Тусклый умирать доставать."
subdir\sub_test.pdf,sub_test.pdf,.pdf,"Ten establish through yes authority its fish.
Degree need available alone girl. Later learn cup believe work low our back.
His phone chair argue government economic. Apply several push happy staff air. Message exist how.
Foot garden approach his beyond under dark. Quality wide threat story rule. Hotel deep bank. Owner ground eat either plant lead probably last.
But today sometimes pay. Strategy have more article. Project second develop year interview company support be.
Service doctor strong reality such space high student. Second argue somebody. Computer agree middle unit piece any carry actually. Travel event clearly difficult morning serious this."
